<application>
  <component name="EtcdHelper">
    <option name="connectionInfos">
      <list>
        <EtcdConnectionInfo>
          <option name="endpoints" value="http://127.0.0.1:2379" />
          <option name="id" value="459b1376-e0a9-4b31-a3d3-ae6ad7fbbce6" />
          <option name="name" value="本地ETCD" />
          <option name="tlsCaCert" value="" />
          <option name="tlsClientCert" value="" />
          <option name="tlsClientKey" value="" />
        </EtcdConnectionInfo>
      </list>
    </option>
  </component>
</application>