<application>
  <component name="FindSettings">
    <option name="customScope" value="项目 'datagrip'" />
    <option name="defaultScopeName" value="项目 'datagrip'" />
    <option name="SEARCH_SCOPE" value="项目 'datagrip'" />
    <mask>*.pls</mask>
    <mask>*.ddl</mask>
    <mask>*.pks</mask>
    <mask>*.pck</mask>
    <mask>*.pkb</mask>
    <mask>*.vw</mask>
    <mask>*.trg</mask>
    <mask>*.prc</mask>
    <mask>*.fnc</mask>
    <mask>*.tps</mask>
    <mask>*.tpb</mask>
    <mask>*.sql</mask>
  </component>
</application>