<application>
  <component name="GeneralSettings">
    <option name="showTipsOnStartup" value="false" />
    <option name="confirmExit" value="false" />
    <option name="confirmOpenNewProject2" value="1" />
    <option name="processCloseConfirmation" value="TERMINATE" />
  </component>
  <component name="LocalizationStateService">
    <option name="selectedLocale" value="zh-CN" />
  </component>
  <component name="Registry">
    <entry key="ide.experimental.ui" value="true" source="SYSTEM" />
    <entry key="cache.folding.model.on.disk" value="false" source="SYSTEM" />
    <entry key="jdk.updater" value="false" source="SYSTEM" />
  </component>
  <component name="StatusBar">
    <option name="widgets">
      <map>
        <entry key="Memory" value="true" />
        <entry key="VfsRefresh" value="true" />
        <entry key="git" value="true" />
      </map>
    </option>
  </component>
</application>