<application>
  <component name="ProjectManager">
    <defaultProject>
      <component name="Encoding" native2AsciiForPropertiesFiles="true" defaultCharsetForPropertiesFiles="UTF-8" />
      <component name="PropertiesComponent">{
  &quot;keyToString&quot;: {
    &quot;settings.editor.selected.configurable&quot;: &quot;settings.sync&quot;
  }
}</component>
      <component name="ReaderModeSettings">
        <option name="enableVisualFormatting" value="false" />
        <option name="enabled" value="false" />
        <option name="showRenderedDocs" value="false" />
      </component>
      <component name="VcsDirectoryMappings" defaultProject="true" />
      <component name="WindowStateProjectService">
        <state x="848" y="247" key="SettingsEditor" timestamp="1727940298504">
          <screen x="102" y="25" width="2458" height="1415" />
        </state>
        <state x="848" y="247" key="SettingsEditor/102.25.2458.1415" timestamp="1727940298504" />
      </component>
    </defaultProject>
  </component>
</application>