<application>
  <component name="DimensionService">
    <size key="GridCell.Tab.0.left.0.0.5120.2880@192dpi" width="4040" height="1166" />
    <size key="GridCell.Tab.0.center.0.0.5120.2880@192dpi" width="4040" height="1166" />
    <size key="GridCell.Tab.0.right.0.0.5120.2880@192dpi" width="4040" height="1166" />
    <size key="GridCell.Tab.0.bottom.0.0.5120.2880@192dpi" width="4040" height="1166" />
    <size key="GridCell.Tab.0.left.0.0.2880.1800@192dpi" width="2200" height="696" />
    <size key="GridCell.Tab.0.center.0.0.2880.1800@192dpi" width="2200" height="696" />
    <size key="GridCell.Tab.0.right.0.0.2880.1800@192dpi" width="2200" height="696" />
    <size key="GridCell.Tab.0.bottom.0.0.2880.1800@192dpi" width="2200" height="696" />
    <size key="GridCell.Tab.1.left.0.0.5120.2880@192dpi" width="4040" height="808" />
    <size key="GridCell.Tab.1.center.0.0.5120.2880@192dpi" width="4040" height="808" />
    <size key="GridCell.Tab.1.right.0.0.5120.2880@192dpi" width="4040" height="808" />
    <size key="GridCell.Tab.1.bottom.0.0.5120.2880@192dpi" width="4040" height="808" />
    <size key="GridCell.Tab.9.left.0.0.5120.2880@192dpi" width="4040" height="1088" />
    <size key="GridCell.Tab.9.center.0.0.5120.2880@192dpi" width="4040" height="1088" />
    <size key="GridCell.Tab.9.right.0.0.5120.2880@192dpi" width="4040" height="1088" />
    <size key="GridCell.Tab.9.bottom.0.0.5120.2880@192dpi" width="4040" height="1088" />
    <size key="GridCell.Tab.1.left.0.0.2880.1800@192dpi" width="2184" height="656" />
    <size key="GridCell.Tab.1.center.0.0.2880.1800@192dpi" width="2184" height="656" />
    <size key="GridCell.Tab.1.right.0.0.2880.1800@192dpi" width="2184" height="656" />
    <size key="GridCell.Tab.1.bottom.0.0.2880.1800@192dpi" width="2184" height="656" />
    <size key="GridCell.Tab.12.left.0.0.2880.1800@192dpi" width="2184" height="656" />
    <size key="GridCell.Tab.12.center.0.0.2880.1800@192dpi" width="2184" height="656" />
    <size key="GridCell.Tab.12.right.0.0.2880.1800@192dpi" width="2184" height="656" />
    <size key="GridCell.Tab.12.bottom.0.0.2880.1800@192dpi" width="2184" height="656" />
    <size key="GridCell.Tab.13.left.0.0.2880.1800@192dpi" width="2184" height="656" />
    <size key="GridCell.Tab.13.center.0.0.2880.1800@192dpi" width="2184" height="656" />
    <size key="GridCell.Tab.13.right.0.0.2880.1800@192dpi" width="2184" height="656" />
    <size key="GridCell.Tab.13.bottom.0.0.2880.1800@192dpi" width="2184" height="656" />
    <size key="GridCell.Tab.14.left.0.0.2880.1800@192dpi" width="2184" height="656" />
    <size key="GridCell.Tab.14.center.0.0.2880.1800@192dpi" width="2184" height="656" />
    <size key="GridCell.Tab.14.right.0.0.2880.1800@192dpi" width="2184" height="656" />
    <size key="GridCell.Tab.14.bottom.0.0.2880.1800@192dpi" width="2184" height="656" />
    <size key="GridCell.Tab.2.left.0.0.2880.1800@192dpi" width="2184" height="656" />
    <size key="GridCell.Tab.2.center.0.0.2880.1800@192dpi" width="2184" height="656" />
    <size key="GridCell.Tab.2.right.0.0.2880.1800@192dpi" width="2184" height="656" />
    <size key="GridCell.Tab.2.bottom.0.0.2880.1800@192dpi" width="2184" height="656" />
    <size key="GridCell.Tab.3.left.0.0.2880.1800@192dpi" width="2184" height="656" />
    <size key="GridCell.Tab.3.center.0.0.2880.1800@192dpi" width="2184" height="656" />
    <size key="GridCell.Tab.3.right.0.0.2880.1800@192dpi" width="2184" height="656" />
    <size key="GridCell.Tab.3.bottom.0.0.2880.1800@192dpi" width="2184" height="656" />
    <size key="GridCell.Tab.4.left.0.0.2880.1800@192dpi" width="2184" height="656" />
    <size key="GridCell.Tab.4.center.0.0.2880.1800@192dpi" width="2184" height="656" />
    <size key="GridCell.Tab.4.right.0.0.2880.1800@192dpi" width="2184" height="656" />
    <size key="GridCell.Tab.4.bottom.0.0.2880.1800@192dpi" width="2184" height="656" />
    <size key="GridCell.Tab.5.left.0.0.2880.1800@192dpi" width="2184" height="656" />
    <size key="GridCell.Tab.5.center.0.0.2880.1800@192dpi" width="2184" height="656" />
    <size key="GridCell.Tab.5.right.0.0.2880.1800@192dpi" width="2184" height="656" />
    <size key="GridCell.Tab.5.bottom.0.0.2880.1800@192dpi" width="2184" height="656" />
  </component>
  <component name="SingleStripeButtonsState">
    <id>Database</id>
    <id>Project</id>
    <id>Services</id>
  </component>
  <component name="WindowManager">
    <frame x="0" y="24" width="2560" height="1416" fullScreen="true" />
  </component>
  <component name="WindowStateApplicationService">
    <state x="1323" y="605" width="800" height="650" key="WELCOME_SCREEN" timestamp="1761643906118">
      <screen x="86" y="25" width="2474" height="1415" />
    </state>
    <state x="1323" y="605" width="800" height="650" key="WELCOME_SCREEN/86.25.2474.1415" timestamp="1761643906118" />
  </component>
</application>