<application>
  <component name="EasyToolGitEmojiConfig">
    <option name="afterEmojiComboBox" value="&lt;space&gt;" />
    <option name="afterEmojiRealValue" value=" " />
    <option name="displayEmojiCheckBox" value="true" />
    <option name="includeEmojiDescCheckBox" value="false" />
    <option name="insertInCursorPositionCheckBox" value="true" />
    <option name="languageComboBox" value="English" />
    <option name="languageRealValue" value="en" />
    <option name="renderCommitLogCheckBox" value="true" />
    <option name="useUnicodeCheckBox" value="false" />
  </component>
</application>