<application>
  <component name="EasyToolWordHintConfig">
    <option name="sqliteLogPrintEnable" value="false" />
    <option name="useHeatDesc" value="true" />
    <option name="wordHintChineseComment" value="true" />
    <option name="wordHintCount" value="10" />
    <option name="wordHintEnable" value="true" />
    <option name="wordLikeType" value="全文模糊匹配" />
    <option name="wordMemoryModel" value="true" />
    <option name="wordSqliteDbFilePath" value="" />
    <option name="wordSqliteModel" value="false" />
  </component>
</application>