<application>
  <component name="EasyToolCodeScreenshotConfig">
    <option name="autoAddWaterMark" value="false" />
    <option name="autoCopyPayboard" value="true" />
    <option name="autoFullScreenWatermark" value="false" />
    <option name="backgroundColor" value="-5523261" />
    <option name="codeLineLimit" value="20" />
    <option name="codeLineLimitMode" value="警告提示" />
    <option name="customFileName" value="screenshot_" />
    <option name="customFileNameFormat" value="yyyyMMddHHmmss" />
    <option name="customFileNameSuffix" value="png" />
    <option name="fontWaterMarkRotate" value="20" />
    <option name="fontWaterMarkSparsity" value="2" />
    <option name="fontWaterMarkTransparency" value="2" />
    <option name="frontWaterMarkAutoAddTime" value="false" />
    <option name="innerPadding" value="5.0" />
    <option name="outerPadding" value="5.0" />
    <option name="removeIndentation" value="true" />
    <option name="repeatScreenEnable" value="false" />
    <option name="scale" value="1.5" />
    <option name="showFileName" value="true" />
    <option name="showWindowIcons" value="true" />
    <option name="waterMarkFontColor" value="-5523261" />
    <option name="waterMarkFontFamily" value="微软雅黑" />
    <option name="waterMarkFontSize" value="18" />
    <option name="waterMarkFontStyle" value="PLAIN" />
    <option name="waterMarkFontText" value="EasyTool" />
    <option name="windowRoundness" value="10" />
  </component>
</application>