<application>
  <component name="EasyToolConvertCharConfig">
    <option name="convertCharMap">
      <map>
        <entry key="‘" value="'" />
        <entry key="’" value="'" />
        <entry key="“" value="&quot;" />
        <entry key="”" value="&quot;" />
        <entry key="。" value="." />
        <entry key="《" value="&lt;" />
        <entry key="》" value="&gt;" />
        <entry key="「" value="{" />
        <entry key="」" value="}" />
        <entry key="【" value="[" />
        <entry key="】" value="]" />
        <entry key="！" value="!" />
        <entry key="（" value="(" />
        <entry key="）" value=")" />
        <entry key="，" value="," />
        <entry key="：" value=":" />
        <entry key="；" value=";" />
        <entry key="？" value="?" />
        <entry key="￥" value="$" />
      </map>
    </option>
  </component>
</application>