<application>
  <component name="EasyToolJavaDocConfig">
    <option name="author" value="setsunayang" />
    <option name="authorSite" value="" />
    <option name="autoGenerateDocClass" value="false" />
    <option name="autoGenerateDocField" value="false" />
    <option name="autoGenerateDocMethod" value="false" />
    <option name="chatAiEnable" value="false" />
    <option name="classBatchEnable" value="true" />
    <option name="constructorMethodBatchEnable" value="false" />
    <option name="coverHintPrompt" value="false" />
    <option name="coverModel" value="智能合并" />
    <option name="dateFormat" value="yyyy/MM/dd HH:mm" />
    <option name="fieldBatchEnable" value="true" />
    <option name="getAndSetMethodBatchEnable" value="false" />
    <option name="innerClassBatchEnable" value="false" />
    <option name="methodBatchEnable" value="true" />
    <option name="methodReturnType" value="Link模式" />
    <option name="propertyCommentModel" value="JavaDoc注释" />
    <option name="propertyCommentType" value="多行模式" />
  </component>
</application>