<application>
  <component name="EasyToolCommonConfig">
    <option name="convertCharCommentNoChange" value="true" />
    <option name="convertCharEnableCheckBox" value="true" />
    <option name="copyUrlHost" value="localhost" />
    <option name="copyUrlPort" value="8080" />
    <option name="inlayPromptEnable" value="false" />
    <option name="inlayPromptPrefix" value="" />
    <option name="pluginAutoUpdateEnable" value="false" />
    <option name="restfulDisplayApiCommentCheckBox" value="false" />
    <option name="searchApiCuteIconRadioButton" value="false" />
    <option name="searchApiDefaultIconRadioButton" value="true" />
    <option name="swaggerConfirmNoCheckBox" value="false" />
    <option name="swaggerConfirmYesCheckBox" value="true" />
    <option name="swaggerHintCheckBox" value="false" />
    <option name="swaggerUIDFieldEnable" value="true" />
    <option name="tabHighlightBackgroundColor" value="-8890434" />
    <option name="tabHighlightEnableCheckBox" value="false" />
    <option name="tabHighlightGradientStepFormattedTextField" value="10" />
    <option name="tabHighlightSizeComboBox" value="1" />
    <option name="translateConfirmInputModelNoCheckBox" value="false" />
    <option name="translateConfirmInputModelYesCheckBox" value="true" />
    <option name="translateResultDisplayMode" value="Dialog消息框" />
    <option name="webSearchEngineMap">
      <map>
        <entry key="360">
          <value>
            <WebSearchEngine>
              <option name="name" value="360" />
              <option name="placeholder" value="#" />
              <option name="remark" value="360搜索" />
              <option name="url" value="https://www.so.com/s?q=#" />
            </WebSearchEngine>
          </value>
        </entry>
        <entry key="Baidu">
          <value>
            <WebSearchEngine>
              <option name="name" value="Baidu" />
              <option name="placeholder" value="#" />
              <option name="remark" value="百度搜索" />
              <option name="url" value="http://www.baidu.com/s?wd=#" />
            </WebSearchEngine>
          </value>
        </entry>
        <entry key="Bing">
          <value>
            <WebSearchEngine>
              <option name="name" value="Bing" />
              <option name="placeholder" value="#" />
              <option name="remark" value="必应搜索" />
              <option name="url" value="http://www.bing.com/search?q=#" />
            </WebSearchEngine>
          </value>
        </entry>
        <entry key="DuckDuckGo">
          <value>
            <WebSearchEngine>
              <option name="name" value="DuckDuckGo" />
              <option name="placeholder" value="#" />
              <option name="remark" value="DuckDuckGo搜索" />
              <option name="url" value="https://duckduckgo.com/?q=#" />
            </WebSearchEngine>
          </value>
        </entry>
        <entry key="Google">
          <value>
            <WebSearchEngine>
              <option name="name" value="Google" />
              <option name="placeholder" value="#" />
              <option name="remark" value="谷歌搜索" />
              <option name="url" value="http://www.google.com/search?q=#" />
            </WebSearchEngine>
          </value>
        </entry>
        <entry key="Sogou">
          <value>
            <WebSearchEngine>
              <option name="name" value="Sogou" />
              <option name="placeholder" value="#" />
              <option name="remark" value="搜狗搜索" />
              <option name="url" value="https://www.sogou.com/web?q=#" />
            </WebSearchEngine>
          </value>
        </entry>
        <entry key="Yandex">
          <value>
            <WebSearchEngine>
              <option name="name" value="Yandex" />
              <option name="placeholder" value="#" />
              <option name="remark" value="Yandex搜索" />
              <option name="url" value="https://yandex.com/search/?text=#" />
            </WebSearchEngine>
          </value>
        </entry>
      </map>
    </option>
  </component>
</application>