<application>
  <component name="EasyToolTableOperateConfig">
    <option name="commonTableCountLimit" value="10" />
    <option name="generateAuthor" value="Developer" />
    <option name="generateBasePackage" value="com.easy" />
    <option name="generateControllerPackage" value="controller" />
    <option name="generateControllerSuffix" value="Controller" />
    <option name="generateControllerTemplateFile" value="" />
    <option name="generateDTOPackage" value="dto" />
    <option name="generateDTOSuffix" value="DTO" />
    <option name="generateDTOTemplateFile" value="" />
    <option name="generateDateFormat" value="yyyy/MM/dd HH:mm" />
    <option name="generateManagerPackage" value="manager" />
    <option name="generateManagerSuffix" value="Manager" />
    <option name="generateManagerTemplateFile" value="" />
    <option name="generateMapperPackage" value="mapper" />
    <option name="generateMapperSuffix" value="Mapper" />
    <option name="generateMapperTemplateFile" value="" />
    <option name="generateMapperXmlPackage" value="mapper" />
    <option name="generateMapperXmlSuffix" value="Mapper" />
    <option name="generateMapperXmlTemplateFile" value="" />
    <option name="generateModelPackage" value="model" />
    <option name="generateModelSuffix" value="Model" />
    <option name="generateModelTemplateFile" value="" />
    <option name="generateRemoveTablePrefix" value="" />
    <option name="generateServiceImplPackage" value="service.impl" />
    <option name="generateServiceImplSuffix" value="ServiceImpl" />
    <option name="generateServiceImplTemplateFile" value="" />
    <option name="generateServicePackage" value="service" />
    <option name="generateServiceSuffix" value="Service" />
    <option name="generateServiceTemplateFile" value="" />
  </component>
</application>