<application>
  <component name="DownloadModelConsentState">
    <option name="lastNotificationTimestamps">
      <map>
        <entry language="JavaScript" lastNotificationTimestamp="1720744426821" />
      </map>
    </option>
    <option name="consentPolicy" value="AUTOMATICALLY" />
  </component>
  <component name="InlineShortcutChoice">
    <option name="choiceShownTimes" value="1" />
  </component>
  <component name="MLServerCompletionSettings">
    <option name="enable" value="false" />
  </component>
</application>