<application>
  <component name="GraziConfig">
    <option name="enabledLanguages">
      <set>
        <option value="English (US)" />
        <option value="Chinese" />
      </set>
    </option>
    <option name="suppressingContext">
      <SuppressingContext>
        <option name="suppressed">
          <set>
            <option value="to false to" />
            <option value="whether or not" />
            <option value="最终的可执行" />
          </set>
        </option>
      </SuppressingContext>
    </option>
  </component>
</application>