<application>
  <component name="IgnoredPluginSuggestions">
    <option name="pluginIds">
      <list>
        <option value="com.intellij.spring.batch" />
        <option value="com.jetbrains.jax.ws" />
        <option value="com.intellij.spring.websocket" />
        <option value="com.intellij.javaee.batch" />
        <option value="Pythonid" />
        <option value="com.intellij.aqua" />
        <option value="org.jetbrains.kotlin" />
        <option value="io.plugin.tsnode" />
        <option value="com.dmarcotte.handlebars" />
        <option value="PythonCore" />
      </list>
    </option>
  </component>
</application>