<application>
  <component name="ProjectManager">
    <defaultProject>
      <component name="AutoImportSettings">
        <option name="autoReloadType" value="SELECTIVE" />
      </component>
      <component name="Encoding" native2AsciiForPropertiesFiles="true" defaultCharsetForPropertiesFiles="UTF-8" />
      <component name="MavenImportPreferences">
        <option name="generalSettings">
          <MavenGeneralSettings>
            <option name="customMavenHome" value="/Library/Maven/apache-maven-3.6.3" />
            <option name="localRepository" value="$MAVEN_REPOSITORY$" />
            <option name="mavenHomeTypeForPersistence" value="CUSTOM" />
            <option name="userSettingsFile" value="/Library/Maven/apache-maven-3.6.3/conf/settings-default.xml" />
          </MavenGeneralSettings>
        </option>
      </component>
      <component name="PropertiesComponent"><![CDATA[{
  "keyToString": {
    "settings.editor.selected.configurable": "MavenSettings"
  }
}]]></component>
      <component name="ReaderModeSettings">
        <option name="enableVisualFormatting" value="false" />
        <option name="enabled" value="false" />
        <option name="showInlayHints" value="false" />
        <option name="showRenderedDocs" value="false" />
      </component>
      <component name="WindowStateProjectService">
        <state x="798" y="267" key="SettingsEditor" timestamp="1758164265885">
          <screen x="86" y="25" width="2474" height="1415" />
        </state>
        <state x="737" y="267" key="SettingsEditor/0.25.2560.1415" timestamp="1756341451711" />
        <state x="796" y="267" key="SettingsEditor/83.25.2477.1415" timestamp="1755935442340" />
        <state x="798" y="267" key="SettingsEditor/86.25.2474.1415" timestamp="1758164265885" />
      </component>
      <component name="masterDetails">
        <states>
          <state key="ProjectJDKs.UI">
            <settings>
              <last-edited>GraalVM21</last-edited>
              <splitter-proportions>
                <option name="proportions">
                  <list>
                    <option value="0.2" />
                  </list>
                </option>
              </splitter-proportions>
            </settings>
          </state>
        </states>
      </component>
    </defaultProject>
  </component>
</application>