<application>
  <component name="CachedDictionaryState">
    <words>
      <w>aliyun</w>
      <w>allowaccessmodification</w>
      <w>autofetch</w>
      <w>cachetime</w>
      <w>chnl</w>
      <w>cntent</w>
      <w>configcenter</w>
      <w>configureondemand</w>
      <w>cpolar</w>
      <w>cpolard</w>
      <w>delims</w>
      <w>desens</w>
      <w>desensitive</w>
      <w>dfile</w>
      <w>dhttps</w>
      <w>dide</w>
      <w>disp</w>
      <w>djava</w>
      <w>dontusemixedcaseclassnames</w>
      <w>dplayer</w>
      <w>dstderr</w>
      <w>dstdout</w>
      <w>dtoolbox</w>
      <w>duboo</w>
      <w>errlog</w>
      <w>factorypath</w>
      <w>failback</w>
      <w>failfast</w>
      <w>fullversion</w>
      <w>gogle</w>
      <w>grammer</w>
      <w>incorp</w>
      <w>ityao</w>
      <w>jdkhome</w>
      <w>jvmargs</w>
      <w>keepattributes</w>
      <w>keepclassmembernames</w>
      <w>keepclassmembers</w>
      <w>keepdirectories</w>
      <w>keepparameternames</w>
      <w>loadbalance</w>
      <w>lvtt</w>
      <w>mbank</w>
      <w>menlo</w>
      <w>notype</w>
      <w>obfuscationdictionary</w>
      <w>optimizationpasses</w>
      <w>overloadaggressively</w>
      <w>pagesize</w>
      <w>pdai</w>
      <w>pintan</w>
      <w>pomfile</w>
      <w>printusage</w>
      <w>propdeps</w>
      <w>prot</w>
      <w>qunar</w>
      <w>renamesourcefileattribute</w>
      <w>resouce</w>
      <w>rigourous</w>
      <w>roundrobin</w>
      <w>runoob</w>
      <w>searchlog</w>
      <w>setsuna</w>
      <w>setsunayang</w>
      <w>springctx</w>
      <w>springsession</w>
      <w>springsessiondemo</w>
      <w>useuniqueclassmembernames</w>
      <w>vsicons</w>
      <w>vsintellicode</w>
      <w>wenit</w>
      <w>xloggc</w>
      <w>xnoagent</w>
      <w>xrunjdwp</w>
      <w>xuliugen</w>
      <w>zdotdir</w>
      <w>zjnu</w>
      <w>zkui</w>
    </words>
  </component>
</application>