<application>
  <component name="Trusted.Paths">
    <option name="TRUSTED_PROJECT_PATHS">
      <map>
        <entry key="$USER_HOME$/Documents/GitHub/3546514206.github.io" value="true" />
        <entry key="$USER_HOME$/Documents/GitHub/Eagle-Sky" value="true" />
        <entry key="$USER_HOME$/Documents/GitHub/Hexo.Github.IO" value="true" />
        <entry key="$USER_HOME$/Documents/GitHub/Hystrix" value="true" />
        <entry key="$USER_HOME$/Documents/GitHub/Java" value="true" />
        <entry key="$USER_HOME$/Documents/GitHub/PrettyZoo" value="true" />
        <entry key="$USER_HOME$/Documents/GitHub/PrometheusWatch/prometheus-watch" value="true" />
        <entry key="$USER_HOME$/Documents/GitHub/Python" value="true" />
        <entry key="$USER_HOME$/Documents/GitHub/Sentinel" value="true" />
        <entry key="$USER_HOME$/Documents/GitHub/Vue-Beginner/Vue-Instagram-Clone" value="true" />
        <entry key="$USER_HOME$/Documents/GitHub/Vue/core" value="true" />
        <entry key="$USER_HOME$/Documents/GitHub/WxChatGPT" value="true" />
        <entry key="$USER_HOME$/Documents/GitHub/autumn" value="true" />
        <entry key="$USER_HOME$/Documents/GitHub/base" value="true" />
        <entry key="$USER_HOME$/Documents/GitHub/base/Java" value="true" />
        <entry key="$USER_HOME$/Documents/GitHub/base/Java/Decorator" value="true" />
        <entry key="$USER_HOME$/Documents/GitHub/base/Java/DirectorySync" value="true" />
        <entry key="$USER_HOME$/Documents/GitHub/base/Java/LYR_SSH" value="true" />
        <entry key="$USER_HOME$/Documents/GitHub/base/Java/SSH-Maven" value="true" />
        <entry key="$USER_HOME$/Documents/GitHub/base/Java/Unionfinance2" value="true" />
        <entry key="$USER_HOME$/Documents/GitHub/base/Java/VirtualThread" value="true" />
        <entry key="$USER_HOME$/Documents/GitHub/base/Java/_GC_Experiment" value="true" />
        <entry key="$USER_HOME$/Documents/GitHub/base/Java/_base_grammer" value="true" />
        <entry key="$USER_HOME$/Documents/GitHub/base/Java/_father_son" value="true" />
        <entry key="$USER_HOME$/Documents/GitHub/base/Java/_jfree_demo" value="true" />
        <entry key="$USER_HOME$/Documents/GitHub/base/Java/_kona_crypto/kona-crypto" value="true" />
        <entry key="$USER_HOME$/Documents/GitHub/base/Java/_monitoring_module" value="true" />
        <entry key="$USER_HOME$/Documents/GitHub/base/Java/_monitoring_module/metrics-demo" value="true" />
        <entry key="$USER_HOME$/Documents/GitHub/base/Java/_monitoring_module/micrometer-demo" value="true" />
        <entry key="$USER_HOME$/Documents/GitHub/base/Java/_monitoring_module/micrometer_promethues" value="true" />
        <entry key="$USER_HOME$/Documents/GitHub/base/Java/_monitoring_module/sb_admin" value="true" />
        <entry key="$USER_HOME$/Documents/GitHub/base/Java/_rule_engine" value="true" />
        <entry key="$USER_HOME$/Documents/GitHub/base/Java/_spring_boot_admin" value="true" />
        <entry key="$USER_HOME$/Documents/GitHub/base/Java/_spring_boot_admin/_client" value="true" />
        <entry key="$USER_HOME$/Documents/GitHub/base/Java/_spring_boot_admin/_server" value="true" />
        <entry key="$USER_HOME$/Documents/GitHub/base/Java/_spring_boot_micrometer_promethues" value="true" />
        <entry key="$USER_HOME$/Documents/GitHub/base/Java/_spring_boot_sample_aop" value="true" />
        <entry key="$USER_HOME$/Documents/GitHub/base/Java/_sse_back" value="true" />
        <entry key="$USER_HOME$/Documents/GitHub/base/Java/_test_test_ois/_test_test_ois" value="true" />
        <entry key="$USER_HOME$/Documents/GitHub/base/Java/bcprov_samples" value="true" />
        <entry key="$USER_HOME$/Documents/GitHub/base/Java/crm" value="true" />
        <entry key="$USER_HOME$/Documents/GitHub/base/Java/decorator" value="true" />
        <entry key="$USER_HOME$/Documents/GitHub/base/Java/dubbo-samples" value="true" />
        <entry key="$USER_HOME$/Documents/GitHub/base/Java/etcd_demo" value="true" />
        <entry key="$USER_HOME$/Documents/GitHub/base/Java/java9-module-examples/requires-transitive" value="true" />
        <entry key="$USER_HOME$/Documents/GitHub/base/Java/javafx_demo_001" value="true" />
        <entry key="$USER_HOME$/Documents/GitHub/base/Java/javafx_galaxy_3d" value="true" />
        <entry key="$USER_HOME$/Documents/GitHub/base/Java/javafx_star" value="true" />
        <entry key="$USER_HOME$/Documents/GitHub/base/Java/javafx_theme_switching" value="true" />
        <entry key="$USER_HOME$/Documents/GitHub/base/Java/metrics-demo" value="true" />
        <entry key="$USER_HOME$/Documents/GitHub/base/Java/micrometer-demo" value="true" />
        <entry key="$USER_HOME$/Documents/GitHub/base/Java/spring-boot-admin-demo" value="true" />
        <entry key="$USER_HOME$/Documents/GitHub/base/Java/ssh-freemarker-sample" value="true" />
        <entry key="$USER_HOME$/Documents/GitHub/base/Java/ssh_frame_maven" value="true" />
        <entry key="$USER_HOME$/Documents/GitHub/base/JavaFX/demo" value="true" />
        <entry key="$USER_HOME$/Documents/GitHub/base/JavaFX/demo1" value="true" />
        <entry key="$USER_HOME$/Documents/GitHub/base/JavaFX/javafx-dataviewer-wrapper" value="true" />
        <entry key="$USER_HOME$/Documents/GitHub/base/JavaScript/electron_demo_001" value="true" />
        <entry key="$USER_HOME$/Documents/GitHub/base/Project/sse" value="true" />
        <entry key="$USER_HOME$/Documents/GitHub/base/Python/_DNA" value="true" />
        <entry key="$USER_HOME$/Documents/GitHub/base/Python/_SM_Encryption_Demo" value="true" />
        <entry key="$USER_HOME$/Documents/GitHub/base/Python/_backend_logic" value="true" />
        <entry key="$USER_HOME$/Documents/GitHub/base/Python/_excel_resolver" value="true" />
        <entry key="$USER_HOME$/Documents/GitHub/base/Python/_grammar" value="true" />
        <entry key="$USER_HOME$/Documents/GitHub/base/Python/_minimum" value="true" />
        <entry key="$USER_HOME$/Documents/GitHub/base/Python/_snake" value="true" />
        <entry key="$USER_HOME$/Documents/GitHub/base/Python/_star" value="true" />
        <entry key="$USER_HOME$/Documents/GitHub/base/Python/_tkinter" value="true" />
        <entry key="$USER_HOME$/Documents/GitHub/base/Python/tools" value="true" />
        <entry key="$USER_HOME$/Documents/GitHub/base/SQL" value="true" />
        <entry key="$USER_HOME$/Documents/GitHub/base/Scala/base_learn" value="true" />
        <entry key="$USER_HOME$/Documents/GitHub/base/Scala/learn_base" value="true" />
        <entry key="$USER_HOME$/Documents/GitHub/base/Spring/BaseFeatures" value="true" />
        <entry key="$USER_HOME$/Documents/GitHub/base/Spring/BaseFutures" value="true" />
        <entry key="$USER_HOME$/Documents/GitHub/base/Spring/CustomAnnotation" value="true" />
        <entry key="$USER_HOME$/Documents/GitHub/base/Spring/CustomAnnotationV2" value="true" />
        <entry key="$USER_HOME$/Documents/GitHub/base/Spring/IoC" value="true" />
        <entry key="$USER_HOME$/Documents/GitHub/base/Spring/SpringMVC" value="true" />
        <entry key="$USER_HOME$/Documents/GitHub/base/Spring/_restful" value="true" />
        <entry key="$USER_HOME$/Documents/GitHub/base/Spring/scan" value="true" />
        <entry key="$USER_HOME$/Documents/GitHub/base/Spring/spring-session" value="true" />
        <entry key="$USER_HOME$/Documents/GitHub/base/Spring/spring-session/spring-session-demo-javaconfig" value="true" />
        <entry key="$USER_HOME$/Documents/GitHub/base/Spring/spring-session/spring-session-demo-xml" value="true" />
        <entry key="$USER_HOME$/Documents/GitHub/base/Tools" value="true" />
        <entry key="$USER_HOME$/Documents/GitHub/base/TypeScript" value="true" />
        <entry key="$USER_HOME$/Documents/GitHub/base/TypeScript/_base_grammer" value="true" />
        <entry key="$USER_HOME$/Documents/GitHub/dubbo" value="true" />
        <entry key="$USER_HOME$/Documents/GitHub/dubbo-admin" value="true" />
        <entry key="$USER_HOME$/Documents/GitHub/dubbo-demo-master" value="true" />
        <entry key="$USER_HOME$/Documents/GitHub/dubbo/dubbo-demo" value="true" />
        <entry key="$USER_HOME$/Documents/GitHub/dubbo/dubbo-demo/dubbo-demo-xml" value="true" />
        <entry key="$USER_HOME$/Documents/GitHub/kafka" value="true" />
        <entry key="$USER_HOME$/Documents/GitHub/logback" value="true" />
        <entry key="$USER_HOME$/Documents/GitHub/logging-log4j2" value="true" />
        <entry key="$USER_HOME$/Documents/GitHub/metrics" value="true" />
        <entry key="$USER_HOME$/Documents/GitHub/micrometer" value="true" />
        <entry key="$USER_HOME$/Documents/GitHub/music-you" value="true" />
        <entry key="$USER_HOME$/Documents/GitHub/sb3vue3" value="true" />
        <entry key="$USER_HOME$/Documents/GitHub/sb3vue3/backend" value="true" />
        <entry key="$USER_HOME$/Documents/GitHub/slf4j" value="true" />
        <entry key="$USER_HOME$/Documents/GitHub/smart-socket" value="true" />
        <entry key="$USER_HOME$/Documents/GitHub/sofa" value="true" />
        <entry key="$USER_HOME$/Documents/GitHub/sofa/sofa-boot" value="true" />
        <entry key="$USER_HOME$/Documents/GitHub/sofa/sofa-registry" value="true" />
        <entry key="$USER_HOME$/Documents/GitHub/sofa/sofa-rpc" value="true" />
        <entry key="$USER_HOME$/Documents/GitHub/spring-ai-examples-main" value="true" />
        <entry key="$USER_HOME$/Documents/GitHub/spring-ai-examples-main/prompts-and-output-parsers" value="true" />
        <entry key="$USER_HOME$/Documents/GitHub/spring-ai-examples-main/spring-ai-evaluators" value="true" />
        <entry key="$USER_HOME$/Documents/GitHub/spring-ai-examples-main/spring-ai-functions" value="true" />
        <entry key="$USER_HOME$/Documents/GitHub/spring-ai-examples-main/spring-ai-gemma" value="true" />
        <entry key="$USER_HOME$/Documents/GitHub/spring-ai-examples-main/spring-ai-image-gen" value="true" />
        <entry key="$USER_HOME$/Documents/GitHub/spring-ai-examples-main/spring-ai-kotlin" value="true" />
        <entry key="$USER_HOME$/Documents/GitHub/spring-ai-examples-main/spring-ai-kotlin-rag" value="true" />
        <entry key="$USER_HOME$/Documents/GitHub/spring-ai-examples-main/spring-ai-multimodal" value="true" />
        <entry key="$USER_HOME$/Documents/GitHub/spring-ai-examples-main/spring-ai-qaadvisor" value="true" />
        <entry key="$USER_HOME$/Documents/GitHub/spring-ai-examples-main/spring-ai-rag-chat" value="true" />
        <entry key="$USER_HOME$/Documents/GitHub/spring-ai-examples-main/spring-ai-rag-example" value="true" />
        <entry key="$USER_HOME$/Documents/GitHub/spring-ai-examples-main/spring-ai-sql" value="true" />
        <entry key="$USER_HOME$/Documents/GitHub/spring-ai-examples-main/spring-ai-summarizer" value="true" />
        <entry key="$USER_HOME$/Documents/GitHub/spring-ai-examples-main/vector-store-loader" value="true" />
        <entry key="$USER_HOME$/Documents/GitHub/spring-boot" value="true" />
        <entry key="$USER_HOME$/Documents/GitHub/spring-boot-demo" value="true" />
        <entry key="$USER_HOME$/Documents/GitHub/spring-boot-demo/demo-test" value="true" />
        <entry key="$USER_HOME$/Documents/GitHub/spring-framework" value="true" />
        <entry key="$USER_HOME$/Documents/GitHub/spring-framework/org.springframework.aop" value="true" />
        <entry key="$USER_HOME$/Documents/GitHub/spring-framework/org.springframework.asm" value="true" />
        <entry key="$USER_HOME$/Documents/GitHub/spring-framework/org.springframework.aspects" value="true" />
        <entry key="$USER_HOME$/Documents/GitHub/spring-framework/org.springframework.beans" value="true" />
        <entry key="$USER_HOME$/Documents/GitHub/spring-framework/org.springframework.context" value="true" />
        <entry key="$USER_HOME$/Documents/GitHub/spring-framework/org.springframework.context.support" value="true" />
        <entry key="$USER_HOME$/Documents/GitHub/spring-framework/org.springframework.core" value="true" />
        <entry key="$USER_HOME$/Documents/GitHub/spring-framework/org.springframework.expression" value="true" />
        <entry key="$USER_HOME$/Documents/GitHub/spring-framework/org.springframework.instrument" value="true" />
        <entry key="$USER_HOME$/Documents/GitHub/spring-framework/org.springframework.instrument.tomcat" value="true" />
        <entry key="$USER_HOME$/Documents/GitHub/spring-framework/org.springframework.integration-tests" value="true" />
        <entry key="$USER_HOME$/Documents/GitHub/spring-framework/org.springframework.jdbc" value="true" />
        <entry key="$USER_HOME$/Documents/GitHub/spring-framework/org.springframework.jms" value="true" />
        <entry key="$USER_HOME$/Documents/GitHub/spring-framework/org.springframework.orm" value="true" />
        <entry key="$USER_HOME$/Documents/GitHub/spring-framework/org.springframework.oxm" value="true" />
        <entry key="$USER_HOME$/Documents/GitHub/spring-framework/org.springframework.spring-library" value="true" />
        <entry key="$USER_HOME$/Documents/GitHub/spring-framework/org.springframework.spring-parent" value="true" />
        <entry key="$USER_HOME$/Documents/GitHub/spring-framework/org.springframework.test" value="true" />
        <entry key="$USER_HOME$/Documents/GitHub/spring-framework/org.springframework.transaction" value="true" />
        <entry key="$USER_HOME$/Documents/GitHub/spring-framework/org.springframework.web" value="true" />
        <entry key="$USER_HOME$/Documents/GitHub/spring-framework/org.springframework.web.portlet" value="true" />
        <entry key="$USER_HOME$/Documents/GitHub/spring-framework/org.springframework.web.servlet" value="true" />
        <entry key="$USER_HOME$/Documents/GitHub/spring-framework/org.springframework.web.struts" value="true" />
        <entry key="$USER_HOME$/Documents/GitHub/spring-session" value="true" />
        <entry key="$USER_HOME$/Documents/GitHub/springboot-demo" value="true" />
        <entry key="$USER_HOME$/Documents/GitHub/useful-scripts" value="true" />
        <entry key="$USER_HOME$/Documents/GitHub/visual-zookeeper" value="true" />
        <entry key="$USER_HOME$/Documents/GitHub/wall/wall-service" value="true" />
        <entry key="$USER_HOME$/Documents/GitHub/wechatBot-master" value="true" />
        <entry key="$USER_HOME$/Documents/GitHub/xxl-job" value="true" />
        <entry key="$USER_HOME$/Documents/GitHub/zookeeper" value="true" />
        <entry key="$USER_HOME$/Documents/working/Eagle-Sky" value="true" />
        <entry key="$USER_HOME$/Documents/working/MFS" value="true" />
        <entry key="$USER_HOME$/Documents/working/MFS/NFCP-MFS-mfs" value="true" />
        <entry key="$USER_HOME$/Documents/working/NFCP-MFS-base-user" value="true" />
        <entry key="$USER_HOME$/Documents/working/SSE-With-SpringBoot-master" value="true" />
        <entry key="$USER_HOME$/Documents/working/ares" value="true" />
        <entry key="$USER_HOME$/Documents/working/ares-mng" value="true" />
        <entry key="$USER_HOME$/Documents/working/ares-mng/ares-base-mng-svr" value="true" />
        <entry key="$USER_HOME$/Documents/working/ares-mng/ares-biz-mng-svr" value="true" />
        <entry key="$USER_HOME$/Documents/working/ares-mng/ares-layout-mng-svr" value="true" />
        <entry key="$USER_HOME$/Documents/working/ares-mng/ares-mng-base" value="true" />
        <entry key="$USER_HOME$/Documents/working/ares/ares-base/ares-dubbo-parent" value="true" />
        <entry key="$USER_HOME$/Documents/working/ares/ares-base/ares-framework" value="true" />
        <entry key="$USER_HOME$/Documents/working/ares/ares-base/ares-govern-parent" value="true" />
        <entry key="$USER_HOME$/Documents/working/ares/ares-base/ares-log4j2-desensitive" value="true" />
        <entry key="$USER_HOME$/Documents/working/ares/ares-base/ares-net-framework" value="true" />
        <entry key="$USER_HOME$/Documents/working/ares/ares-boot" value="true" />
        <entry key="$USER_HOME$/Documents/working/ares/ares-boot/ares-boot-starter" value="true" />
        <entry key="$USER_HOME$/Documents/working/ares/ares-micro/ares-common-base" value="true" />
        <entry key="$USER_HOME$/Documents/working/ares/ares-micro/ares-micro-opr" value="true" />
        <entry key="$USER_HOME$/Documents/working/ares/ares-micro/ares-micro-pbh" value="true" />
        <entry key="$USER_HOME$/Documents/working/ares/ares-micro/ares-personal-base" value="true" />
        <entry key="$USER_HOME$/Documents/working/ares/ares-samlpes/ares-mbank-chnl" value="true" />
        <entry key="$USER_HOME$/Documents/working/ares/ares-session/ares-session-api" value="true" />
        <entry key="$USER_HOME$/Documents/working/ares/ares-session/ares-session-core" value="true" />
        <entry key="$USER_HOME$/Documents/working/ares/ares-session/ares-session-ops" value="true" />
        <entry key="$USER_HOME$/Documents/working/ares/ares-session/ares-session-starter" value="true" />
        <entry key="$USER_HOME$/Documents/working/demo-sse-spring-boot-master" value="true" />
        <entry key="$USER_HOME$/Documents/working/eagle" value="true" />
        <entry key="$USER_HOME$/Documents/working/eagle-metrics" value="true" />
        <entry key="$USER_HOME$/Documents/working/eagle-test-starter" value="true" />
        <entry key="$USER_HOME$/Documents/working/eagle/Eagle-Boot" value="true" />
        <entry key="$USER_HOME$/Documents/working/eagle/Eagle-Boot/eagle-actuator-starter" value="true" />
        <entry key="$USER_HOME$/Documents/working/eagle/Eagle-Boot/eagle-boot-dependencies" value="true" />
        <entry key="$USER_HOME$/Documents/working/eagle/Eagle-Boot/eagle-dubbo-starter" value="true" />
        <entry key="$USER_HOME$/Documents/working/eagle/Eagle-Boot/eagle-gateway-starter" value="true" />
        <entry key="$USER_HOME$/Documents/working/eagle/Eagle-Boot/eagle-sofa-starter" value="true" />
        <entry key="$USER_HOME$/Documents/working/eagle/Eagle-Boot/eagle-test-starter" value="true" />
        <entry key="$USER_HOME$/Documents/working/eagle/Eagle-Boot/eagle-web-starter" value="true" />
        <entry key="$USER_HOME$/Documents/working/eagle/Eagle2.0" value="true" />
        <entry key="$USER_HOME$/Documents/working/eagle/Eagle2.0/eagle_parent" value="true" />
        <entry key="$USER_HOME$/Documents/working/eagle/template/NFCP-MFS-gateway" value="true" />
        <entry key="$USER_HOME$/Documents/working/hellovsext" value="true" />
        <entry key="$USER_HOME$/Documents/working/intellij-plugin-save-actions-idea-version-2016-3" value="true" />
        <entry key="$USER_HOME$/Documents/working/sse" value="true" />
        <entry key="$USER_HOME$/Documents/working/sse/sse-back" value="true" />
        <entry key="$USER_HOME$/Documents/working/sse/sse-front" value="true" />
        <entry key="$USER_HOME$/Documents/working/sse/sse-gateway" value="true" />
        <entry key="$USER_HOME$/Documents/working/unit-test/eagle-test-starter" value="true" />
        <entry key="$USER_HOME$/Documents/working/ytstudio-vscode" value="true" />
        <entry key="$USER_HOME$/Documents/working/zkui-master" value="true" />
      </map>
    </option>
  </component>
  <component name="Trusted.Paths.Settings">
    <option name="TRUSTED_PATHS">
      <list>
        <option value="$USER_HOME$/Documents/GitHub" />
        <option value="$USER_HOME$/Documents/working" />
      </list>
    </option>
  </component>
</application>