<application>
  <component name="DimensionService">
    <location key="find.popup.0.0.5120.2880@192dpi" x="1764" y="354" />
    <location key="find.popup.0.0.2880.1800@192dpi" x="992" y="238" />
    <size key="GridCell.Tab.0.right.0.0.5120.2880@192dpi" width="4988" height="834" />
    <size key="GridCell.Tab.0.left.0.0.5120.2880@192dpi" width="4988" height="834" />
    <size key="GridCell.Tab.0.center.0.0.5120.2880@192dpi" width="4988" height="834" />
    <size key="GridCell.Tab.0.bottom.0.0.5120.2880@192dpi" width="4988" height="834" />
    <size key="GridCell.Tab.1.left.0.0.5120.2880@192dpi" width="4988" height="976" />
    <size key="GridCell.Tab.1.center.0.0.5120.2880@192dpi" width="4988" height="976" />
    <size key="GridCell.Tab.1.right.0.0.5120.2880@192dpi" width="4988" height="976" />
    <size key="GridCell.Tab.1.bottom.0.0.5120.2880@192dpi" width="4988" height="976" />
    <size key="GridCell.Tab.2.left.0.0.5120.2880@192dpi" width="4130" height="900" />
    <size key="GridCell.Tab.2.center.0.0.5120.2880@192dpi" width="4130" height="900" />
    <size key="GridCell.Tab.2.right.0.0.5120.2880@192dpi" width="4130" height="900" />
    <size key="GridCell.Tab.2.bottom.0.0.5120.2880@192dpi" width="4130" height="900" />
    <size key="GridCell.Tab.3.left.0.0.5120.2880@192dpi" width="4130" height="900" />
    <size key="GridCell.Tab.3.center.0.0.5120.2880@192dpi" width="4130" height="900" />
    <size key="GridCell.Tab.3.right.0.0.5120.2880@192dpi" width="4130" height="900" />
    <size key="GridCell.Tab.3.bottom.0.0.5120.2880@192dpi" width="4130" height="900" />
    <size key="GridCell.Tab.0.left.0.0.2880.1800@192dpi" width="2748" height="594" />
    <size key="GridCell.Tab.0.center.0.0.2880.1800@192dpi" width="2748" height="594" />
    <size key="GridCell.Tab.0.right.0.0.2880.1800@192dpi" width="2748" height="594" />
    <size key="GridCell.Tab.0.bottom.0.0.2880.1800@192dpi" width="2748" height="594" />
    <size key="GridCell.Tab.1.left.0.0.2880.1800@192dpi" width="2748" height="514" />
    <size key="GridCell.Tab.1.center.0.0.2880.1800@192dpi" width="2748" height="514" />
    <size key="GridCell.Tab.1.right.0.0.2880.1800@192dpi" width="2748" height="514" />
    <size key="GridCell.Tab.1.bottom.0.0.2880.1800@192dpi" width="2748" height="514" />
    <size key="GridCell.Tab.2.left.0.0.2880.1800@192dpi" width="2748" height="514" />
    <size key="GridCell.Tab.2.center.0.0.2880.1800@192dpi" width="2748" height="514" />
    <size key="GridCell.Tab.2.right.0.0.2880.1800@192dpi" width="2748" height="514" />
    <size key="GridCell.Tab.2.bottom.0.0.2880.1800@192dpi" width="2748" height="514" />
    <size key="find.popup.0.0.5120.2880@192dpi" width="1298" height="984" />
    <size key="GridCell.Tab.3.left.0.0.2880.1800@192dpi" width="2748" height="514" />
    <size key="GridCell.Tab.3.center.0.0.2880.1800@192dpi" width="2748" height="514" />
    <size key="GridCell.Tab.3.right.0.0.2880.1800@192dpi" width="2748" height="514" />
    <size key="GridCell.Tab.3.bottom.0.0.2880.1800@192dpi" width="2748" height="514" />
    <size key="documentation.popup.size.0.0.5120.2880@192dpi" width="1048" height="1462" />
    <size key="documentation.popup.size.0.0.2880.1800@192dpi" width="1000" height="700" />
    <size key="GridCell.Tab.0.left.2880.-1080.5120.2880@192dpi" width="4988" height="1022" />
    <size key="GridCell.Tab.0.center.2880.-1080.5120.2880@192dpi" width="4988" height="1022" />
    <size key="GridCell.Tab.0.right.2880.-1080.5120.2880@192dpi" width="4988" height="1022" />
    <size key="GridCell.Tab.0.bottom.2880.-1080.5120.2880@192dpi" width="4988" height="1022" />
    <size key="GridCell.Tab.1.left.2880.-1080.5120.2880@192dpi" width="4988" height="868" />
    <size key="GridCell.Tab.1.center.2880.-1080.5120.2880@192dpi" width="4988" height="868" />
    <size key="GridCell.Tab.1.right.2880.-1080.5120.2880@192dpi" width="4988" height="868" />
    <size key="GridCell.Tab.1.bottom.2880.-1080.5120.2880@192dpi" width="4988" height="868" />
    <size key="GridCell.Tab.2.left.2880.-1080.5120.2880@192dpi" width="4988" height="866" />
    <size key="GridCell.Tab.2.center.2880.-1080.5120.2880@192dpi" width="4988" height="866" />
    <size key="GridCell.Tab.2.right.2880.-1080.5120.2880@192dpi" width="4988" height="866" />
    <size key="GridCell.Tab.2.bottom.2880.-1080.5120.2880@192dpi" width="4988" height="866" />
    <size key="GridCell.Tab.0.left.0.0.3840.2160@192dpi" width="3708" height="730" />
    <size key="GridCell.Tab.0.center.0.0.3840.2160@192dpi" width="3708" height="730" />
    <size key="GridCell.Tab.0.right.0.0.3840.2160@192dpi" width="3708" height="730" />
    <size key="GridCell.Tab.0.bottom.0.0.3840.2160@192dpi" width="3708" height="730" />
    <size key="GridCell.Tab.1.left.0.0.3840.2160@192dpi" width="3708" height="730" />
    <size key="GridCell.Tab.1.center.0.0.3840.2160@192dpi" width="3708" height="730" />
    <size key="GridCell.Tab.1.right.0.0.3840.2160@192dpi" width="3708" height="730" />
    <size key="GridCell.Tab.1.bottom.0.0.3840.2160@192dpi" width="3708" height="730" />
    <size key="GridCell.Tab.2.left.0.0.3840.2160@192dpi" width="3708" height="890" />
    <size key="GridCell.Tab.2.center.0.0.3840.2160@192dpi" width="3708" height="890" />
    <size key="GridCell.Tab.2.right.0.0.3840.2160@192dpi" width="3708" height="890" />
    <size key="GridCell.Tab.2.bottom.0.0.3840.2160@192dpi" width="3708" height="890" />
    <size key="find.popup.0.0.2880.1800@192dpi" width="1298" height="984" />
    <size key="GridCell.Tab.4.left.0.0.5120.2880@192dpi" width="4130" height="900" />
    <size key="GridCell.Tab.4.center.0.0.5120.2880@192dpi" width="4130" height="900" />
    <size key="GridCell.Tab.4.right.0.0.5120.2880@192dpi" width="4130" height="900" />
    <size key="GridCell.Tab.4.bottom.0.0.5120.2880@192dpi" width="4130" height="900" />
    <size key="GridCell.Tab.5.left.0.0.5120.2880@192dpi" width="4130" height="900" />
    <size key="GridCell.Tab.5.center.0.0.5120.2880@192dpi" width="4130" height="900" />
    <size key="GridCell.Tab.5.right.0.0.5120.2880@192dpi" width="4130" height="900" />
    <size key="GridCell.Tab.5.bottom.0.0.5120.2880@192dpi" width="4130" height="900" />
    <size key="GridCell.Tab.4.left.0.0.2880.1800@192dpi" width="2748" height="514" />
    <size key="GridCell.Tab.4.center.0.0.2880.1800@192dpi" width="2748" height="514" />
    <size key="GridCell.Tab.4.right.0.0.2880.1800@192dpi" width="2748" height="514" />
    <size key="GridCell.Tab.4.bottom.0.0.2880.1800@192dpi" width="2748" height="514" />
    <size key="GridCell.Tab.5.left.0.0.2880.1800@192dpi" width="2748" height="514" />
    <size key="GridCell.Tab.5.center.0.0.2880.1800@192dpi" width="2748" height="514" />
    <size key="GridCell.Tab.5.right.0.0.2880.1800@192dpi" width="2748" height="514" />
    <size key="GridCell.Tab.5.bottom.0.0.2880.1800@192dpi" width="2748" height="514" />
    <size key="GridCell.Tab.6.left.0.0.2880.1800@192dpi" width="1922" height="972" />
    <size key="GridCell.Tab.6.center.0.0.2880.1800@192dpi" width="1922" height="972" />
    <size key="GridCell.Tab.6.right.0.0.2880.1800@192dpi" width="1922" height="972" />
    <size key="GridCell.Tab.6.bottom.0.0.2880.1800@192dpi" width="1922" height="972" />
    <size key="GridCell.Tab.7.left.0.0.2880.1800@192dpi" width="1922" height="972" />
    <size key="GridCell.Tab.7.center.0.0.2880.1800@192dpi" width="1922" height="972" />
    <size key="GridCell.Tab.7.right.0.0.2880.1800@192dpi" width="1922" height="972" />
    <size key="GridCell.Tab.7.bottom.0.0.2880.1800@192dpi" width="1922" height="972" />
    <size key="GridCell.Tab.6.left.0.0.5120.2880@192dpi" width="4988" height="1194" />
    <size key="GridCell.Tab.6.center.0.0.5120.2880@192dpi" width="4988" height="1194" />
    <size key="GridCell.Tab.6.right.0.0.5120.2880@192dpi" width="4988" height="1194" />
    <size key="GridCell.Tab.6.bottom.0.0.5120.2880@192dpi" width="4988" height="1194" />
    <size key="GridCell.Tab.7.left.0.0.5120.2880@192dpi" width="4988" height="1736" />
    <size key="GridCell.Tab.7.center.0.0.5120.2880@192dpi" width="4988" height="1736" />
    <size key="GridCell.Tab.7.right.0.0.5120.2880@192dpi" width="4988" height="1736" />
    <size key="GridCell.Tab.7.bottom.0.0.5120.2880@192dpi" width="4988" height="1736" />
    <size key="GridCell.Tab.8.left.0.0.5120.2880@192dpi" width="4988" height="1240" />
    <size key="GridCell.Tab.8.center.0.0.5120.2880@192dpi" width="4988" height="1240" />
    <size key="GridCell.Tab.8.right.0.0.5120.2880@192dpi" width="4988" height="1240" />
    <size key="GridCell.Tab.8.bottom.0.0.5120.2880@192dpi" width="4988" height="1240" />
    <size key="GridCell.Tab.9.left.0.0.5120.2880@192dpi" width="4988" height="1240" />
    <size key="GridCell.Tab.9.center.0.0.5120.2880@192dpi" width="4988" height="1240" />
    <size key="GridCell.Tab.9.right.0.0.5120.2880@192dpi" width="4988" height="1240" />
    <size key="GridCell.Tab.9.bottom.0.0.5120.2880@192dpi" width="4988" height="1240" />
    <size key="GridCell.Tab.10.left.0.0.5120.2880@192dpi" width="4988" height="1194" />
    <size key="GridCell.Tab.10.center.0.0.5120.2880@192dpi" width="4988" height="1194" />
    <size key="GridCell.Tab.10.right.0.0.5120.2880@192dpi" width="4988" height="1194" />
    <size key="GridCell.Tab.10.bottom.0.0.5120.2880@192dpi" width="4988" height="1194" />
  </component>
  <component name="WindowManager">
    <frame x="0" y="24" width="2560" height="1416" fullScreen="true" />
  </component>
  <component name="WindowStateApplicationService">
    <state width="552" height="181" key="ShowUsagesActions.dimensionServiceKey" timestamp="1757495732386">
      <screen x="0" y="25" width="2560" height="1415" />
    </state>
    <state width="552" height="181" key="ShowUsagesActions.dimensionServiceKey/0.25.2560.1415" timestamp="1757495732386" />
    <state x="1324" y="616" width="1427" height="720" key="WELCOME_SCREEN" timestamp="1762851985432">
      <screen x="89" y="25" width="2471" height="1415" />
    </state>
    <state x="745" y="425" width="1053" height="650" key="WELCOME_SCREEN/51.25.1389.875" timestamp="1754528335779" />
    <state x="773" y="462" width="1440" height="875" key="WELCOME_SCREEN/53.25.1387.875" timestamp="1755571594681" />
    <state x="748" y="424" width="1023" height="651" key="WELCOME_SCREEN/58.25.1382.875" timestamp="1754267949148" />
    <state x="1312" y="616" width="1345" height="720" key="WELCOME_SCREEN/65.25.2495.1415" timestamp="1762398300449" />
    <state x="1279" y="625" width="1553" height="774" key="WELCOME_SCREEN/77.25.2483.1415" timestamp="1756173228508" />
    <state x="1319" y="616" width="1337" height="720" key="WELCOME_SCREEN/80.25.2480.1415" timestamp="1761635636713" />
    <state x="1319" y="616" width="1337" height="720" key="WELCOME_SCREEN/83.25.2477.1415" timestamp="1761635669626" />
    <state x="1322" y="616" width="1333" height="720" key="WELCOME_SCREEN/86.25.2474.1415" timestamp="1762851971019" />
    <state x="1324" y="616" width="1427" height="720" key="WELCOME_SCREEN/89.25.2471.1415" timestamp="1762851985432" />
    <state x="1232" y="624" width="1193" height="703" key="WELCOME_SCREEN/93.25.2467.1415" timestamp="1761008634117" />
    <state x="1328" y="616" width="1328" height="720" key="WELCOME_SCREEN/97.25.2463.1415" timestamp="1760576332520" />
  </component>
</application>